<assembly>
   <id></id>
   <formats>
       <format>zip</format><!--打包的文件格式,也可以有：war zip-->
   </formats>
   <!--zip压缩包下是否生成和项目名相同的根目录-->
   <includeBaseDirectory>true</includeBaseDirectory>
   <dependencySets>
       <dependencySet>
            <!--是否把本项目添加到依赖文件夹下-->
            <useProjectArtifact>false</useProjectArtifact>
            <outputDirectory>lib</outputDirectory>
            <!--将scope为runtime的依赖包打包-->
            <scope>runtime</scope>
        </dependencySet>
    </dependencySets>
    <fileSets>
        <fileSet>
            <directory>${project.basedir}\src\main\script_dw</directory>
            <outputDirectory>/script_dw</outputDirectory>
            <lineEnding>unix</lineEnding>
            <fileMode>755</fileMode>
            <excludes>
                <exclude>**/*.formatted</exclude>
                <exclude>**/*env/*.*</exclude>
            </excludes>
        </fileSet>

        <fileSet>
            <directory>${project.basedir}\src\main\script_dw\common\${env-in-path}</directory>
            <outputDirectory>/script_dw/common/${env-out-path}</outputDirectory>
            <lineEnding>unix</lineEnding>
            <fileMode>755</fileMode>

            <excludes>
                <exclude>**/*.formatted</exclude>
            </excludes>

        </fileSet>
    </fileSets>
</assembly>